<?xml version="1.0" encoding="UTF-8"?>
<project-private xmlns="http://www.netbeans.org/ns/project-private/1">
    <editor-bookmarks xmlns="http://www.netbeans.org/ns/editor-bookmarks/2" lastBookmarkId="0"/>
    <open-files xmlns="http://www.netbeans.org/ns/projectui-open-files/2">
        <group>
            <file>file:/G:/Documentos/UNIVERSIDAD/SEMESTRE%207/Gestión%20de%20Sistemas%20de%20Información/Práctica/Practica%204/Material%20para%20la%20practica%204/RemoteCalc/src/remoteServer/Calculator.java</file>
            <file>file:/G:/Documentos/UNIVERSIDAD/SEMESTRE%207/Gestión%20de%20Sistemas%20de%20Información/Práctica/Practica%204/Material%20para%20la%20practica%204/RemoteCalc/src/remoteServer/ComputingMachine.java</file>
            <file>file:/G:/Documentos/UNIVERSIDAD/SEMESTRE%207/Gestión%20de%20Sistemas%20de%20Información/Práctica/Practica%204/Material%20para%20la%20practica%204/RemoteCalc/src/remoteClient/CalculatorClient.java</file>
            <file>file:/G:/Documentos/UNIVERSIDAD/SEMESTRE%207/Gestión%20de%20Sistemas%20de%20Información/Práctica/Practica%204/Material%20para%20la%20practica%204/RemoteCalc/src/remoteServer/CalculatorServer.java</file>
        </group>
    </open-files>
</project-private>
