<?xml version="1.0" encoding="UTF-8"?>
<project-private xmlns="http://www.netbeans.org/ns/project-private/1">
    <editor-bookmarks xmlns="http://www.netbeans.org/ns/editor-bookmarks/2" lastBookmarkId="0"/>
    <open-files xmlns="http://www.netbeans.org/ns/projectui-open-files/2">
        <group>
            <file>file:/C:/Users/ASier/Desktop/GSI_Practicas/Practica%204/GSIGR04/src/GSILabs/BModel/Cliente.java</file>
            <file>file:/C:/Users/ASier/Desktop/GSI_Practicas/Practica%204/GSIGR04/src/GSILabs/BModel/Usuario.java</file>
            <file>file:/C:/Users/ASier/Desktop/GSI_Practicas/Practica%204/GSIGR04/src/GSILabs/connect/AdminHub.java</file>
            <file>file:/C:/Users/ASier/Desktop/GSI_Practicas/Practica%204/GSIGR04/src/GSILabs/connect/ClientHub.java</file>
        </group>
    </open-files>
</project-private>
